<?xml version="1.0" encoding="UTF-8"?><?xml-stylesheet type='text/xsl' href='_UpgradeReport_Files/UpgradeReport.xslt'?><UpgradeLog>
<Properties><Property Name="Solution" Value="UmassGrader">
</Property><Property Name="Solution File" Value="C:\Users\bviall\Documents\Visual Studio 2010\Projects\UmassGrader\UmassGrader.sln">
</Property><Property Name="Date" Value="Thursday, February 17, 2011">
</Property><Property Name="Time" Value="18:52 PM">
</Property></Properties><Event ErrorLevel="0" Project="" Source="UmassGrader.sln" Description="File successfully backed up as C:\Users\bviall\Documents\Visual Studio 2010\Projects\UmassGrader\Backup\UmassGrader.sln">
</Event><Event ErrorLevel="0" Project="UmassGrader" Source="UmassGrader\UmassGrader.csproj" Description="Project file successfully backed up as C:\Users\bviall\Documents\Visual Studio 2010\Projects\UmassGrader\Backup\UmassGrader\UmassGrader.csproj">
</Event><Event ErrorLevel="0" Project="UmassGrader" Source="UmassGrader\Assignment.cs" Description="File successfully backed up as C:\Users\bviall\Documents\Visual Studio 2010\Projects\UmassGrader\Backup\UmassGrader\Assignment.cs">
</Event><Event ErrorLevel="0" Project="UmassGrader" Source="UmassGrader\ClassSection.cs" Description="File successfully backed up as C:\Users\bviall\Documents\Visual Studio 2010\Projects\UmassGrader\Backup\UmassGrader\ClassSection.cs">
</Event><Event ErrorLevel="0" Project="UmassGrader" Source="UmassGrader\dlgAssignment.cs" Description="File successfully backed up as C:\Users\bviall\Documents\Visual Studio 2010\Projects\UmassGrader\Backup\UmassGrader\dlgAssignment.cs">
</Event><Event ErrorLevel="0" Project="UmassGrader" Source="UmassGrader\dlgAssignment.Designer.cs" Description="File successfully backed up as C:\Users\bviall\Documents\Visual Studio 2010\Projects\UmassGrader\Backup\UmassGrader\dlgAssignment.Designer.cs">
</Event><Event ErrorLevel="0" Project="UmassGrader" Source="UmassGrader\dlgProgress.cs" Description="File successfully backed up as C:\Users\bviall\Documents\Visual Studio 2010\Projects\UmassGrader\Backup\UmassGrader\dlgProgress.cs">
</Event><Event ErrorLevel="0" Project="UmassGrader" Source="UmassGrader\dlgProgress.Designer.cs" Description="File successfully backed up as C:\Users\bviall\Documents\Visual Studio 2010\Projects\UmassGrader\Backup\UmassGrader\dlgProgress.Designer.cs">
</Event><Event ErrorLevel="0" Project="UmassGrader" Source="UmassGrader\dlgStudent.cs" Description="File successfully backed up as C:\Users\bviall\Documents\Visual Studio 2010\Projects\UmassGrader\Backup\UmassGrader\dlgStudent.cs">
</Event><Event ErrorLevel="0" Project="UmassGrader" Source="UmassGrader\dlgStudent.Designer.cs" Description="File successfully backed up as C:\Users\bviall\Documents\Visual Studio 2010\Projects\UmassGrader\Backup\UmassGrader\dlgStudent.Designer.cs">
</Event><Event ErrorLevel="0" Project="UmassGrader" Source="UmassGrader\Form1.cs" Description="File successfully backed up as C:\Users\bviall\Documents\Visual Studio 2010\Projects\UmassGrader\Backup\UmassGrader\Form1.cs">
</Event><Event ErrorLevel="0" Project="UmassGrader" Source="UmassGrader\Form1.Designer.cs" Description="File successfully backed up as C:\Users\bviall\Documents\Visual Studio 2010\Projects\UmassGrader\Backup\UmassGrader\Form1.Designer.cs">
</Event><Event ErrorLevel="0" Project="UmassGrader" Source="UmassGrader\dlgComboPick.cs" Description="File successfully backed up as C:\Users\bviall\Documents\Visual Studio 2010\Projects\UmassGrader\Backup\UmassGrader\dlgComboPick.cs">
</Event><Event ErrorLevel="0" Project="UmassGrader" Source="UmassGrader\dlgComboPick.Designer.cs" Description="File successfully backed up as C:\Users\bviall\Documents\Visual Studio 2010\Projects\UmassGrader\Backup\UmassGrader\dlgComboPick.Designer.cs">
</Event><Event ErrorLevel="0" Project="UmassGrader" Source="UmassGrader\PathFinder.cs" Description="File successfully backed up as C:\Users\bviall\Documents\Visual Studio 2010\Projects\UmassGrader\Backup\UmassGrader\PathFinder.cs">
</Event><Event ErrorLevel="0" Project="UmassGrader" Source="UmassGrader\Program.cs" Description="File successfully backed up as C:\Users\bviall\Documents\Visual Studio 2010\Projects\UmassGrader\Backup\UmassGrader\Program.cs">
</Event><Event ErrorLevel="0" Project="UmassGrader" Source="UmassGrader\Properties\AssemblyInfo.cs" Description="File successfully backed up as C:\Users\bviall\Documents\Visual Studio 2010\Projects\UmassGrader\Backup\UmassGrader\Properties\AssemblyInfo.cs">
</Event><Event ErrorLevel="0" Project="UmassGrader" Source="UmassGrader\Properties\Resources.Designer.cs" Description="File successfully backed up as C:\Users\bviall\Documents\Visual Studio 2010\Projects\UmassGrader\Backup\UmassGrader\Properties\Resources.Designer.cs">
</Event><Event ErrorLevel="0" Project="UmassGrader" Source="UmassGrader\Properties\Settings.Designer.cs" Description="File successfully backed up as C:\Users\bviall\Documents\Visual Studio 2010\Projects\UmassGrader\Backup\UmassGrader\Properties\Settings.Designer.cs">
</Event><Event ErrorLevel="0" Project="UmassGrader" Source="UmassGrader\Student.cs" Description="File successfully backed up as C:\Users\bviall\Documents\Visual Studio 2010\Projects\UmassGrader\Backup\UmassGrader\Student.cs">
</Event><Event ErrorLevel="0" Project="UmassGrader" Source="UmassGrader\ClassDiagram1.cd" Description="File successfully backed up as C:\Users\bviall\Documents\Visual Studio 2010\Projects\UmassGrader\Backup\UmassGrader\ClassDiagram1.cd">
</Event><Event ErrorLevel="0" Project="UmassGrader" Source="UmassGrader\Properties\Settings.settings" Description="File successfully backed up as C:\Users\bviall\Documents\Visual Studio 2010\Projects\UmassGrader\Backup\UmassGrader\Properties\Settings.settings">
</Event><Event ErrorLevel="0" Project="UmassGrader" Source="UmassGrader\app.config" Description="File successfully backed up as C:\Users\bviall\Documents\Visual Studio 2010\Projects\UmassGrader\Backup\UmassGrader\app.config">
</Event><Event ErrorLevel="0" Project="UmassGrader" Source="UmassGrader\Resources\noPhoto.bmp" Description="File successfully backed up as C:\Users\bviall\Documents\Visual Studio 2010\Projects\UmassGrader\Backup\UmassGrader\Resources\noPhoto.bmp">
</Event><Event ErrorLevel="0" Project="UmassGrader" Source="UmassGrader\dlgAssignment.resx" Description="File successfully backed up as C:\Users\bviall\Documents\Visual Studio 2010\Projects\UmassGrader\Backup\UmassGrader\dlgAssignment.resx">
</Event><Event ErrorLevel="0" Project="UmassGrader" Source="UmassGrader\dlgProgress.resx" Description="File successfully backed up as C:\Users\bviall\Documents\Visual Studio 2010\Projects\UmassGrader\Backup\UmassGrader\dlgProgress.resx">
</Event><Event ErrorLevel="0" Project="UmassGrader" Source="UmassGrader\dlgStudent.resx" Description="File successfully backed up as C:\Users\bviall\Documents\Visual Studio 2010\Projects\UmassGrader\Backup\UmassGrader\dlgStudent.resx">
</Event><Event ErrorLevel="0" Project="UmassGrader" Source="UmassGrader\Form1.resx" Description="File successfully backed up as C:\Users\bviall\Documents\Visual Studio 2010\Projects\UmassGrader\Backup\UmassGrader\Form1.resx">
</Event><Event ErrorLevel="0" Project="UmassGrader" Source="UmassGrader\dlgComboPick.resx" Description="File successfully backed up as C:\Users\bviall\Documents\Visual Studio 2010\Projects\UmassGrader\Backup\UmassGrader\dlgComboPick.resx">
</Event><Event ErrorLevel="0" Project="UmassGrader" Source="UmassGrader\Properties\Resources.resx" Description="File successfully backed up as C:\Users\bviall\Documents\Visual Studio 2010\Projects\UmassGrader\Backup\UmassGrader\Properties\Resources.resx">
</Event><Event ErrorLevel="1" Project="UmassGrader" Source="UmassGrader\UmassGrader.csproj" Description="Your project is targeting .NET Framework 2.0 or 3.0. If your project uses assemblies requiring a newer .NET Framework, your project will fail to build. You can change the .NET Framework version by clicking Properties on the project menu and then selecting a new version in the '.NET Framework' dropdown box. (In Visual Basic, this is located on the Compile tab by clicking the 'Advanced Compiler Options...' button.)">
</Event><Event ErrorLevel="0" Project="UmassGrader" Source="UmassGrader\UmassGrader.csproj" Description="Project converted successfully">
</Event><Event ErrorLevel="3" Project="UmassGrader" Source="UmassGrader\UmassGrader.csproj" Description="Converted">
</Event><Event ErrorLevel="0" Project="" Source="UmassGrader.sln" Description="Solution converted successfully">
</Event><Event ErrorLevel="3" Project="" Source="UmassGrader.sln" Description="Converted">
</Event><Event ErrorLevel="0" Project="UmassGrader" Source="UmassGrader\UmassGrader.csproj" Description="Scan complete: Upgrade not required for project files.">
</Event></UpgradeLog>