<xml xmlns:o="urn:schemas-microsoft-com:office:office">
 <o:MainFile HRef="index.htm"/>
 <o:File HRef="index_image447.gif"/>
 <o:File HRef="index_image384.gif"/>
 <o:File HRef="index_image320.gif"/>
 <o:File HRef="index_image768.jpg"/>
 <o:File HRef="index_image311.gif"/>
 <o:File HRef="index_syllabus.htm"/>
 <o:File HRef="index_image592.gif"/>
 <o:File HRef="index_image535.gif"/>
 <o:File HRef="index_schedule.htm"/>
 <o:File HRef="index_image415.gif"/>
 <o:File HRef="index_image297.gif"/>
 <o:File HRef="index_image373.gif"/>
 <o:File HRef="index_resources.htm"/>
 <o:File HRef="index_image456.gif"/>
 <o:File HRef="index_image334.gif"/>
 <o:File HRef="index_image310.gif"/>
 <o:File HRef="index_old_annc.htm"/>
 <o:File HRef="index_image386.gif"/>
 <o:File HRef="index_image533.gif"/>
 <o:File HRef="index_filelist.xml"/>
</xml>